wave,prompt_id,fixture,label,name,run_id,trajectory_id,gsm8k_index,expected_answer,seed,attempt,generated_token_count,prompt_token_count,shard_count,status_counts_json,all_tokens_ok,trajectory_json,run_root,aggregate_path,per_token_metrics_csv,prefix_audit_json,source_pair_manifest
v1_prior9,164,164_base,correct,164_correct_seed3004_attempt000005,real-prompt-trace-v1-164_correct_seed3004_attempt000005,164_base_temp08_screen_seed3000_attempt000005,164,15,3004,5,162,97,20,"{""ok"":162}",True,/fs/scratch/PAS2836/kopanev.1/exact_trace_bench/cardinal/fast/real-prompt-screen-v1/samples_temp08_seed3000_attempts16/164_base/attempt_000005.json,/fs/scratch/PAS2836/kopanev.1/exact_trace_bench/cardinal/fast/real-prompt-screen-v1/trace_launch_prep_fullseq_wreuse_w1600/164_correct_seed3004_attempt000005/run/real-prompt-trace-v1-164_correct_seed3004_attempt000005,/fs/scratch/PAS2836/kopanev.1/exact_trace_bench/cardinal/fast/real-prompt-screen-v1/trace_launch_prep_fullseq_wreuse_w1600/164_correct_seed3004_attempt000005/run/real-prompt-trace-v1-164_correct_seed3004_attempt000005/aggregate.json,/fs/scratch/PAS2836/kopanev.1/exact_trace_bench/cardinal/fast/real-prompt-screen-v1/trace_launch_prep_fullseq_wreuse_w1600/164_correct_seed3004_attempt000005/run/real-prompt-trace-v1-164_correct_seed3004_attempt000005/per_token_metrics.csv,/fs/scratch/PAS2836/kopanev.1/exact_trace_bench/cardinal/fast/real-prompt-screen-v1/trace_launch_prep_fullseq_wreuse_w1600/metric_analysis_20260617_real_prompt_9pairs/prefix_audits/164_correct_seed3004_attempt000005/prefix_view_audit.json,/fs/scratch/PAS2836/kopanev.1/exact_trace_bench/cardinal/fast/real-prompt-screen-v1/trace_launch_prep_fullseq_wreuse_w1600/analysis_pair_manifest_20260617_9pairs.json
v1_prior9,164,164_base,wrong,164_wrong_seed3009_attempt000010,real-prompt-trace-v1-164_wrong_seed3009_attempt000010,164_base_temp08_screen_seed3000_attempt000010,164,15,3009,10,169,97,21,"{""ok"":169}",True,/fs/scratch/PAS2836/kopanev.1/exact_trace_bench/cardinal/fast/real-prompt-screen-v1/samples_temp08_seed3000_attempts16/164_base/attempt_000010.json,/fs/scratch/PAS2836/kopanev.1/exact_trace_bench/cardinal/fast/real-prompt-screen-v1/trace_launch_prep_fullseq_wreuse_w1600/164_wrong_seed3009_attempt000010/run/real-prompt-trace-v1-164_wrong_seed3009_attempt000010,/fs/scratch/PAS2836/kopanev.1/exact_trace_bench/cardinal/fast/real-prompt-screen-v1/trace_launch_prep_fullseq_wreuse_w1600/164_wrong_seed3009_attempt000010/run/real-prompt-trace-v1-164_wrong_seed3009_attempt000010/aggregate.json,/fs/scratch/PAS2836/kopanev.1/exact_trace_bench/cardinal/fast/real-prompt-screen-v1/trace_launch_prep_fullseq_wreuse_w1600/164_wrong_seed3009_attempt000010/run/real-prompt-trace-v1-164_wrong_seed3009_attempt000010/per_token_metrics.csv,/fs/scratch/PAS2836/kopanev.1/exact_trace_bench/cardinal/fast/real-prompt-screen-v1/trace_launch_prep_fullseq_wreuse_w1600/metric_analysis_20260617_real_prompt_9pairs/prefix_audits/164_wrong_seed3009_attempt000010/prefix_view_audit.json,/fs/scratch/PAS2836/kopanev.1/exact_trace_bench/cardinal/fast/real-prompt-screen-v1/trace_launch_prep_fullseq_wreuse_w1600/analysis_pair_manifest_20260617_9pairs.json
v1_prior9,486,486_base,correct,486_correct_seed3003_attempt000004,real-prompt-trace-v1-486_correct_seed3003_attempt000004,486_base_temp08_screen_seed3000_attempt000004,486,6,3003,4,108,63,9,"{""ok"":108}",True,/fs/scratch/PAS2836/kopanev.1/exact_trace_bench/cardinal/fast/real-prompt-screen-v1/samples_temp08_seed3000_attempts16/486_base/attempt_000004.json,/fs/scratch/PAS2836/kopanev.1/exact_trace_bench/cardinal/fast/real-prompt-screen-v1/trace_launch_prep_fullseq_wreuse_w1600/486_correct_seed3003_attempt000004/run/real-prompt-trace-v1-486_correct_seed3003_attempt000004,/fs/scratch/PAS2836/kopanev.1/exact_trace_bench/cardinal/fast/real-prompt-screen-v1/trace_launch_prep_fullseq_wreuse_w1600/486_correct_seed3003_attempt000004/run/real-prompt-trace-v1-486_correct_seed3003_attempt000004/aggregate.json,/fs/scratch/PAS2836/kopanev.1/exact_trace_bench/cardinal/fast/real-prompt-screen-v1/trace_launch_prep_fullseq_wreuse_w1600/486_correct_seed3003_attempt000004/run/real-prompt-trace-v1-486_correct_seed3003_attempt000004/per_token_metrics.csv,/fs/scratch/PAS2836/kopanev.1/exact_trace_bench/cardinal/fast/real-prompt-screen-v1/trace_launch_prep_fullseq_wreuse_w1600/metric_analysis_20260617_real_prompt_9pairs/prefix_audits/486_correct_seed3003_attempt000004/prefix_view_audit.json,/fs/scratch/PAS2836/kopanev.1/exact_trace_bench/cardinal/fast/real-prompt-screen-v1/trace_launch_prep_fullseq_wreuse_w1600/analysis_pair_manifest_20260617_9pairs.json
v1_prior9,486,486_base,wrong,486_wrong_seed3000_attempt000001,real-prompt-trace-v1-486_wrong_seed3000_attempt000001,486_base_temp08_screen_seed3000_attempt000001,486,6,3000,1,107,63,9,"{""ok"":107}",True,/fs/scratch/PAS2836/kopanev.1/exact_trace_bench/cardinal/fast/real-prompt-screen-v1/samples_temp08_seed3000_attempts16/486_base/attempt_000001.json,/fs/scratch/PAS2836/kopanev.1/exact_trace_bench/cardinal/fast/real-prompt-screen-v1/trace_launch_prep_fullseq_wreuse_w1600/486_wrong_seed3000_attempt000001/run/real-prompt-trace-v1-486_wrong_seed3000_attempt000001,/fs/scratch/PAS2836/kopanev.1/exact_trace_bench/cardinal/fast/real-prompt-screen-v1/trace_launch_prep_fullseq_wreuse_w1600/486_wrong_seed3000_attempt000001/run/real-prompt-trace-v1-486_wrong_seed3000_attempt000001/aggregate.json,/fs/scratch/PAS2836/kopanev.1/exact_trace_bench/cardinal/fast/real-prompt-screen-v1/trace_launch_prep_fullseq_wreuse_w1600/486_wrong_seed3000_attempt000001/run/real-prompt-trace-v1-486_wrong_seed3000_attempt000001/per_token_metrics.csv,/fs/scratch/PAS2836/kopanev.1/exact_trace_bench/cardinal/fast/real-prompt-screen-v1/trace_launch_prep_fullseq_wreuse_w1600/metric_analysis_20260617_real_prompt_9pairs/prefix_audits/486_wrong_seed3000_attempt000001/prefix_view_audit.json,/fs/scratch/PAS2836/kopanev.1/exact_trace_bench/cardinal/fast/real-prompt-screen-v1/trace_launch_prep_fullseq_wreuse_w1600/analysis_pair_manifest_20260617_9pairs.json
v1_prior9,642,642_base,correct,642_correct_seed3012_attempt000013,real-prompt-trace-v1-642_correct_seed3012_attempt000013,642_base_temp08_screen_seed3000_attempt000013,642,10800,3012,13,272,98,44,"{""ok"":272}",True,/fs/scratch/PAS2836/kopanev.1/exact_trace_bench/cardinal/fast/real-prompt-screen-v1/samples_temp08_seed3000_attempts16/642_base/attempt_000013.json,/fs/scratch/PAS2836/kopanev.1/exact_trace_bench/cardinal/fast/real-prompt-screen-v1/trace_launch_prep_fullseq_wreuse_w1600/642_correct_seed3012_attempt000013/run/real-prompt-trace-v1-642_correct_seed3012_attempt000013,/fs/scratch/PAS2836/kopanev.1/exact_trace_bench/cardinal/fast/real-prompt-screen-v1/trace_launch_prep_fullseq_wreuse_w1600/642_correct_seed3012_attempt000013/run/real-prompt-trace-v1-642_correct_seed3012_attempt000013/aggregate.json,/fs/scratch/PAS2836/kopanev.1/exact_trace_bench/cardinal/fast/real-prompt-screen-v1/trace_launch_prep_fullseq_wreuse_w1600/642_correct_seed3012_attempt000013/run/real-prompt-trace-v1-642_correct_seed3012_attempt000013/per_token_metrics.csv,/fs/scratch/PAS2836/kopanev.1/exact_trace_bench/cardinal/fast/real-prompt-screen-v1/trace_launch_prep_fullseq_wreuse_w1600/metric_analysis_20260617_real_prompt_9pairs/prefix_audits/642_correct_seed3012_attempt000013/prefix_view_audit.json,/fs/scratch/PAS2836/kopanev.1/exact_trace_bench/cardinal/fast/real-prompt-screen-v1/trace_launch_prep_fullseq_wreuse_w1600/analysis_pair_manifest_20260617_9pairs.json
v1_prior9,642,642_base,wrong,642_wrong_seed3001_attempt000002,real-prompt-trace-v1-642_wrong_seed3001_attempt000002,642_base_temp08_screen_seed3000_attempt000002,642,10800,3001,2,273,98,44,"{""ok"":273}",True,/fs/scratch/PAS2836/kopanev.1/exact_trace_bench/cardinal/fast/real-prompt-screen-v1/samples_temp08_seed3000_attempts16/642_base/attempt_000002.json,/fs/scratch/PAS2836/kopanev.1/exact_trace_bench/cardinal/fast/real-prompt-screen-v1/trace_launch_prep_fullseq_wreuse_w1600/642_wrong_seed3001_attempt000002/run/real-prompt-trace-v1-642_wrong_seed3001_attempt000002,/fs/scratch/PAS2836/kopanev.1/exact_trace_bench/cardinal/fast/real-prompt-screen-v1/trace_launch_prep_fullseq_wreuse_w1600/642_wrong_seed3001_attempt000002/run/real-prompt-trace-v1-642_wrong_seed3001_attempt000002/aggregate.json,/fs/scratch/PAS2836/kopanev.1/exact_trace_bench/cardinal/fast/real-prompt-screen-v1/trace_launch_prep_fullseq_wreuse_w1600/642_wrong_seed3001_attempt000002/run/real-prompt-trace-v1-642_wrong_seed3001_attempt000002/per_token_metrics.csv,/fs/scratch/PAS2836/kopanev.1/exact_trace_bench/cardinal/fast/real-prompt-screen-v1/trace_launch_prep_fullseq_wreuse_w1600/metric_analysis_20260617_real_prompt_9pairs/prefix_audits/642_wrong_seed3001_attempt000002/prefix_view_audit.json,/fs/scratch/PAS2836/kopanev.1/exact_trace_bench/cardinal/fast/real-prompt-screen-v1/trace_launch_prep_fullseq_wreuse_w1600/analysis_pair_manifest_20260617_9pairs.json
v1_prior9,650,650_base,correct,650_correct_seed3012_attempt000013,real-prompt-trace-v1-650_correct_seed3012_attempt000013,650_base_temp08_screen_seed3000_attempt000013,650,142,3012,13,226,124,37,"{""ok"":226}",True,/fs/scratch/PAS2836/kopanev.1/exact_trace_bench/cardinal/fast/real-prompt-screen-v1/samples_temp08_seed3000_attempts16/650_base/attempt_000013.json,/fs/scratch/PAS2836/kopanev.1/exact_trace_bench/cardinal/fast/real-prompt-screen-v1/trace_launch_prep_fullseq_wreuse_w1600/650_correct_seed3012_attempt000013/run/real-prompt-trace-v1-650_correct_seed3012_attempt000013,/fs/scratch/PAS2836/kopanev.1/exact_trace_bench/cardinal/fast/real-prompt-screen-v1/trace_launch_prep_fullseq_wreuse_w1600/650_correct_seed3012_attempt000013/run/real-prompt-trace-v1-650_correct_seed3012_attempt000013/aggregate.json,/fs/scratch/PAS2836/kopanev.1/exact_trace_bench/cardinal/fast/real-prompt-screen-v1/trace_launch_prep_fullseq_wreuse_w1600/650_correct_seed3012_attempt000013/run/real-prompt-trace-v1-650_correct_seed3012_attempt000013/per_token_metrics.csv,/fs/scratch/PAS2836/kopanev.1/exact_trace_bench/cardinal/fast/real-prompt-screen-v1/trace_launch_prep_fullseq_wreuse_w1600/metric_analysis_20260617_real_prompt_9pairs/prefix_audits/650_correct_seed3012_attempt000013/prefix_view_audit.json,/fs/scratch/PAS2836/kopanev.1/exact_trace_bench/cardinal/fast/real-prompt-screen-v1/trace_launch_prep_fullseq_wreuse_w1600/analysis_pair_manifest_20260617_9pairs.json
v1_prior9,650,650_base,wrong,650_wrong_seed3010_attempt000011,real-prompt-trace-v1-650_wrong_seed3010_attempt000011,650_base_temp08_screen_seed3000_attempt000011,650,142,3010,11,227,124,37,"{""ok"":227}",True,/fs/scratch/PAS2836/kopanev.1/exact_trace_bench/cardinal/fast/real-prompt-screen-v1/samples_temp08_seed3000_attempts16/650_base/attempt_000011.json,/fs/scratch/PAS2836/kopanev.1/exact_trace_bench/cardinal/fast/real-prompt-screen-v1/trace_launch_prep_fullseq_wreuse_w1600/650_wrong_seed3010_attempt000011/run/real-prompt-trace-v1-650_wrong_seed3010_attempt000011,/fs/scratch/PAS2836/kopanev.1/exact_trace_bench/cardinal/fast/real-prompt-screen-v1/trace_launch_prep_fullseq_wreuse_w1600/650_wrong_seed3010_attempt000011/run/real-prompt-trace-v1-650_wrong_seed3010_attempt000011/aggregate.json,/fs/scratch/PAS2836/kopanev.1/exact_trace_bench/cardinal/fast/real-prompt-screen-v1/trace_launch_prep_fullseq_wreuse_w1600/650_wrong_seed3010_attempt000011/run/real-prompt-trace-v1-650_wrong_seed3010_attempt000011/per_token_metrics.csv,/fs/scratch/PAS2836/kopanev.1/exact_trace_bench/cardinal/fast/real-prompt-screen-v1/trace_launch_prep_fullseq_wreuse_w1600/metric_analysis_20260617_real_prompt_9pairs/prefix_audits/650_wrong_seed3010_attempt000011/prefix_view_audit.json,/fs/scratch/PAS2836/kopanev.1/exact_trace_bench/cardinal/fast/real-prompt-screen-v1/trace_launch_prep_fullseq_wreuse_w1600/analysis_pair_manifest_20260617_9pairs.json
v1_prior9,692,692_base,correct,692_correct_seed3001_attempt000002,real-prompt-trace-v1-692_correct_seed3001_attempt000002,692_base_temp08_screen_seed3000_attempt000002,692,32,3001,2,245,122,41,"{""ok"":245}",True,/fs/scratch/PAS2836/kopanev.1/exact_trace_bench/cardinal/fast/real-prompt-screen-v1/samples_temp08_seed3000_attempts16/692_base/attempt_000002.json,/fs/scratch/PAS2836/kopanev.1/exact_trace_bench/cardinal/fast/real-prompt-screen-v1/trace_launch_prep_fullseq_wreuse_w1600/692_correct_seed3001_attempt000002/run/real-prompt-trace-v1-692_correct_seed3001_attempt000002,/fs/scratch/PAS2836/kopanev.1/exact_trace_bench/cardinal/fast/real-prompt-screen-v1/trace_launch_prep_fullseq_wreuse_w1600/692_correct_seed3001_attempt000002/run/real-prompt-trace-v1-692_correct_seed3001_attempt000002/aggregate.json,/fs/scratch/PAS2836/kopanev.1/exact_trace_bench/cardinal/fast/real-prompt-screen-v1/trace_launch_prep_fullseq_wreuse_w1600/692_correct_seed3001_attempt000002/run/real-prompt-trace-v1-692_correct_seed3001_attempt000002/per_token_metrics.csv,/fs/scratch/PAS2836/kopanev.1/exact_trace_bench/cardinal/fast/real-prompt-screen-v1/trace_launch_prep_fullseq_wreuse_w1600/metric_analysis_20260617_real_prompt_9pairs/prefix_audits/692_correct_seed3001_attempt000002/prefix_view_audit.json,/fs/scratch/PAS2836/kopanev.1/exact_trace_bench/cardinal/fast/real-prompt-screen-v1/trace_launch_prep_fullseq_wreuse_w1600/analysis_pair_manifest_20260617_9pairs.json
v1_prior9,692,692_base,wrong,692_wrong_seed3006_attempt000007,real-prompt-trace-v1-692_wrong_seed3006_attempt000007,692_base_temp08_screen_seed3000_attempt000007,692,32,3006,7,243,122,41,"{""ok"":243}",True,/fs/scratch/PAS2836/kopanev.1/exact_trace_bench/cardinal/fast/real-prompt-screen-v1/samples_temp08_seed3000_attempts16/692_base/attempt_000007.json,/fs/scratch/PAS2836/kopanev.1/exact_trace_bench/cardinal/fast/real-prompt-screen-v1/trace_launch_prep_fullseq_wreuse_w1600/692_wrong_seed3006_attempt000007/run/real-prompt-trace-v1-692_wrong_seed3006_attempt000007,/fs/scratch/PAS2836/kopanev.1/exact_trace_bench/cardinal/fast/real-prompt-screen-v1/trace_launch_prep_fullseq_wreuse_w1600/692_wrong_seed3006_attempt000007/run/real-prompt-trace-v1-692_wrong_seed3006_attempt000007/aggregate.json,/fs/scratch/PAS2836/kopanev.1/exact_trace_bench/cardinal/fast/real-prompt-screen-v1/trace_launch_prep_fullseq_wreuse_w1600/692_wrong_seed3006_attempt000007/run/real-prompt-trace-v1-692_wrong_seed3006_attempt000007/per_token_metrics.csv,/fs/scratch/PAS2836/kopanev.1/exact_trace_bench/cardinal/fast/real-prompt-screen-v1/trace_launch_prep_fullseq_wreuse_w1600/metric_analysis_20260617_real_prompt_9pairs/prefix_audits/692_wrong_seed3006_attempt000007/prefix_view_audit.json,/fs/scratch/PAS2836/kopanev.1/exact_trace_bench/cardinal/fast/real-prompt-screen-v1/trace_launch_prep_fullseq_wreuse_w1600/analysis_pair_manifest_20260617_9pairs.json
v1_prior9,709,709_base,correct,709_correct_seed3013_attempt000014,real-prompt-trace-v1-709_correct_seed3013_attempt000014,709_base_temp08_screen_seed3000_attempt000014,709,3000,3013,14,286,80,44,"{""ok"":286}",True,/fs/scratch/PAS2836/kopanev.1/exact_trace_bench/cardinal/fast/real-prompt-screen-v1/samples_temp08_seed3000_attempts16/709_base/attempt_000014.json,/fs/scratch/PAS2836/kopanev.1/exact_trace_bench/cardinal/fast/real-prompt-screen-v1/trace_launch_prep_fullseq_wreuse_w1600/709_correct_seed3013_attempt000014/run/real-prompt-trace-v1-709_correct_seed3013_attempt000014,/fs/scratch/PAS2836/kopanev.1/exact_trace_bench/cardinal/fast/real-prompt-screen-v1/trace_launch_prep_fullseq_wreuse_w1600/709_correct_seed3013_attempt000014/run/real-prompt-trace-v1-709_correct_seed3013_attempt000014/aggregate.json,/fs/scratch/PAS2836/kopanev.1/exact_trace_bench/cardinal/fast/real-prompt-screen-v1/trace_launch_prep_fullseq_wreuse_w1600/709_correct_seed3013_attempt000014/run/real-prompt-trace-v1-709_correct_seed3013_attempt000014/per_token_metrics.csv,/fs/scratch/PAS2836/kopanev.1/exact_trace_bench/cardinal/fast/real-prompt-screen-v1/trace_launch_prep_fullseq_wreuse_w1600/metric_analysis_20260617_real_prompt_9pairs/prefix_audits/709_correct_seed3013_attempt000014/prefix_view_audit.json,/fs/scratch/PAS2836/kopanev.1/exact_trace_bench/cardinal/fast/real-prompt-screen-v1/trace_launch_prep_fullseq_wreuse_w1600/analysis_pair_manifest_20260617_9pairs.json
v1_prior9,709,709_base,wrong,709_wrong_seed3012_attempt000013,real-prompt-trace-v1-709_wrong_seed3012_attempt000013,709_base_temp08_screen_seed3000_attempt000013,709,3000,3012,13,268,80,39,"{""ok"":268}",True,/fs/scratch/PAS2836/kopanev.1/exact_trace_bench/cardinal/fast/real-prompt-screen-v1/samples_temp08_seed3000_attempts16/709_base/attempt_000013.json,/fs/scratch/PAS2836/kopanev.1/exact_trace_bench/cardinal/fast/real-prompt-screen-v1/trace_launch_prep_fullseq_wreuse_w1600/709_wrong_seed3012_attempt000013/run/real-prompt-trace-v1-709_wrong_seed3012_attempt000013,/fs/scratch/PAS2836/kopanev.1/exact_trace_bench/cardinal/fast/real-prompt-screen-v1/trace_launch_prep_fullseq_wreuse_w1600/709_wrong_seed3012_attempt000013/run/real-prompt-trace-v1-709_wrong_seed3012_attempt000013/aggregate.json,/fs/scratch/PAS2836/kopanev.1/exact_trace_bench/cardinal/fast/real-prompt-screen-v1/trace_launch_prep_fullseq_wreuse_w1600/709_wrong_seed3012_attempt000013/run/real-prompt-trace-v1-709_wrong_seed3012_attempt000013/per_token_metrics.csv,/fs/scratch/PAS2836/kopanev.1/exact_trace_bench/cardinal/fast/real-prompt-screen-v1/trace_launch_prep_fullseq_wreuse_w1600/metric_analysis_20260617_real_prompt_9pairs/prefix_audits/709_wrong_seed3012_attempt000013/prefix_view_audit.json,/fs/scratch/PAS2836/kopanev.1/exact_trace_bench/cardinal/fast/real-prompt-screen-v1/trace_launch_prep_fullseq_wreuse_w1600/analysis_pair_manifest_20260617_9pairs.json
v1_prior9,821,821_base,correct,821_correct_seed3010_attempt000011,real-prompt-trace-v1-821_correct_seed3010_attempt000011,821_base_temp08_screen_seed3000_attempt000011,821,35,3010,11,128,107,15,"{""ok"":128}",True,/fs/scratch/PAS2836/kopanev.1/exact_trace_bench/cardinal/fast/real-prompt-screen-v1/samples_temp08_seed3000_attempts16/821_base/attempt_000011.json,/fs/scratch/PAS2836/kopanev.1/exact_trace_bench/cardinal/fast/real-prompt-screen-v1/trace_launch_prep_fullseq_wreuse_w1600/821_correct_seed3010_attempt000011/run/real-prompt-trace-v1-821_correct_seed3010_attempt000011,/fs/scratch/PAS2836/kopanev.1/exact_trace_bench/cardinal/fast/real-prompt-screen-v1/trace_launch_prep_fullseq_wreuse_w1600/821_correct_seed3010_attempt000011/run/real-prompt-trace-v1-821_correct_seed3010_attempt000011/aggregate.json,/fs/scratch/PAS2836/kopanev.1/exact_trace_bench/cardinal/fast/real-prompt-screen-v1/trace_launch_prep_fullseq_wreuse_w1600/821_correct_seed3010_attempt000011/run/real-prompt-trace-v1-821_correct_seed3010_attempt000011/per_token_metrics.csv,/fs/scratch/PAS2836/kopanev.1/exact_trace_bench/cardinal/fast/real-prompt-screen-v1/trace_launch_prep_fullseq_wreuse_w1600/metric_analysis_20260617_real_prompt_9pairs/prefix_audits/821_correct_seed3010_attempt000011/prefix_view_audit.json,/fs/scratch/PAS2836/kopanev.1/exact_trace_bench/cardinal/fast/real-prompt-screen-v1/trace_launch_prep_fullseq_wreuse_w1600/analysis_pair_manifest_20260617_9pairs.json
v1_prior9,821,821_base,wrong,821_wrong_seed3001_attempt000002,real-prompt-trace-v1-821_wrong_seed3001_attempt000002,821_base_temp08_screen_seed3000_attempt000002,821,35,3001,2,127,107,15,"{""ok"":127}",True,/fs/scratch/PAS2836/kopanev.1/exact_trace_bench/cardinal/fast/real-prompt-screen-v1/samples_temp08_seed3000_attempts16/821_base/attempt_000002.json,/fs/scratch/PAS2836/kopanev.1/exact_trace_bench/cardinal/fast/real-prompt-screen-v1/trace_launch_prep_fullseq_wreuse_w1600/821_wrong_seed3001_attempt000002/run/real-prompt-trace-v1-821_wrong_seed3001_attempt000002,/fs/scratch/PAS2836/kopanev.1/exact_trace_bench/cardinal/fast/real-prompt-screen-v1/trace_launch_prep_fullseq_wreuse_w1600/821_wrong_seed3001_attempt000002/run/real-prompt-trace-v1-821_wrong_seed3001_attempt000002/aggregate.json,/fs/scratch/PAS2836/kopanev.1/exact_trace_bench/cardinal/fast/real-prompt-screen-v1/trace_launch_prep_fullseq_wreuse_w1600/821_wrong_seed3001_attempt000002/run/real-prompt-trace-v1-821_wrong_seed3001_attempt000002/per_token_metrics.csv,/fs/scratch/PAS2836/kopanev.1/exact_trace_bench/cardinal/fast/real-prompt-screen-v1/trace_launch_prep_fullseq_wreuse_w1600/metric_analysis_20260617_real_prompt_9pairs/prefix_audits/821_wrong_seed3001_attempt000002/prefix_view_audit.json,/fs/scratch/PAS2836/kopanev.1/exact_trace_bench/cardinal/fast/real-prompt-screen-v1/trace_launch_prep_fullseq_wreuse_w1600/analysis_pair_manifest_20260617_9pairs.json
v1_prior9,830,830_base,correct,830_correct_seed3002_attempt000003,real-prompt-trace-v1-830_correct_seed3002_attempt000003,830_base_temp08_screen_seed3000_attempt000003,830,1128,3002,3,312,93,53,"{""ok"":312}",True,/fs/scratch/PAS2836/kopanev.1/exact_trace_bench/cardinal/fast/real-prompt-screen-v1/samples_temp08_seed3000_attempts16/830_base/attempt_000003.json,/fs/scratch/PAS2836/kopanev.1/exact_trace_bench/cardinal/fast/real-prompt-screen-v1/trace_launch_prep_fullseq_wreuse_w1600/830_correct_seed3002_attempt000003/run/real-prompt-trace-v1-830_correct_seed3002_attempt000003,/fs/scratch/PAS2836/kopanev.1/exact_trace_bench/cardinal/fast/real-prompt-screen-v1/trace_launch_prep_fullseq_wreuse_w1600/830_correct_seed3002_attempt000003/run/real-prompt-trace-v1-830_correct_seed3002_attempt000003/aggregate.json,/fs/scratch/PAS2836/kopanev.1/exact_trace_bench/cardinal/fast/real-prompt-screen-v1/trace_launch_prep_fullseq_wreuse_w1600/830_correct_seed3002_attempt000003/run/real-prompt-trace-v1-830_correct_seed3002_attempt000003/per_token_metrics.csv,/fs/scratch/PAS2836/kopanev.1/exact_trace_bench/cardinal/fast/real-prompt-screen-v1/trace_launch_prep_fullseq_wreuse_w1600/metric_analysis_20260617_real_prompt_9pairs/prefix_audits/830_correct_seed3002_attempt000003/prefix_view_audit.json,/fs/scratch/PAS2836/kopanev.1/exact_trace_bench/cardinal/fast/real-prompt-screen-v1/trace_launch_prep_fullseq_wreuse_w1600/analysis_pair_manifest_20260617_9pairs.json
v1_prior9,830,830_base,wrong,830_wrong_seed3001_attempt000002,real-prompt-trace-v1-830_wrong_seed3001_attempt000002,830_base_temp08_screen_seed3000_attempt000002,830,1128,3001,2,325,93,58,"{""ok"":325}",True,/fs/scratch/PAS2836/kopanev.1/exact_trace_bench/cardinal/fast/real-prompt-screen-v1/samples_temp08_seed3000_attempts16/830_base/attempt_000002.json,/fs/scratch/PAS2836/kopanev.1/exact_trace_bench/cardinal/fast/real-prompt-screen-v1/trace_launch_prep_fullseq_wreuse_w1600/830_wrong_seed3001_attempt000002/run/real-prompt-trace-v1-830_wrong_seed3001_attempt000002,/fs/scratch/PAS2836/kopanev.1/exact_trace_bench/cardinal/fast/real-prompt-screen-v1/trace_launch_prep_fullseq_wreuse_w1600/830_wrong_seed3001_attempt000002/run/real-prompt-trace-v1-830_wrong_seed3001_attempt000002/aggregate.json,/fs/scratch/PAS2836/kopanev.1/exact_trace_bench/cardinal/fast/real-prompt-screen-v1/trace_launch_prep_fullseq_wreuse_w1600/830_wrong_seed3001_attempt000002/run/real-prompt-trace-v1-830_wrong_seed3001_attempt000002/per_token_metrics.csv,/fs/scratch/PAS2836/kopanev.1/exact_trace_bench/cardinal/fast/real-prompt-screen-v1/trace_launch_prep_fullseq_wreuse_w1600/metric_analysis_20260617_real_prompt_9pairs/prefix_audits/830_wrong_seed3001_attempt000002/prefix_view_audit.json,/fs/scratch/PAS2836/kopanev.1/exact_trace_bench/cardinal/fast/real-prompt-screen-v1/trace_launch_prep_fullseq_wreuse_w1600/analysis_pair_manifest_20260617_9pairs.json
v1_prior9,1031,1031_base,correct,1031_correct_seed3011_attempt000012,real-prompt-trace-v1-1031_correct_seed3011_attempt000012,1031_base_temp08_screen_seed3000_attempt000012,1031,5,3011,12,119,95,13,"{""ok"":119}",True,/fs/scratch/PAS2836/kopanev.1/exact_trace_bench/cardinal/fast/real-prompt-screen-v1/samples_temp08_seed3000_attempts16/1031_base/attempt_000012.json,/fs/scratch/PAS2836/kopanev.1/exact_trace_bench/cardinal/fast/real-prompt-screen-v1/trace_launch_prep_fullseq_wreuse_w1600/1031_correct_seed3011_attempt000012/run/real-prompt-trace-v1-1031_correct_seed3011_attempt000012,/fs/scratch/PAS2836/kopanev.1/exact_trace_bench/cardinal/fast/real-prompt-screen-v1/trace_launch_prep_fullseq_wreuse_w1600/1031_correct_seed3011_attempt000012/run/real-prompt-trace-v1-1031_correct_seed3011_attempt000012/aggregate.json,/fs/scratch/PAS2836/kopanev.1/exact_trace_bench/cardinal/fast/real-prompt-screen-v1/trace_launch_prep_fullseq_wreuse_w1600/1031_correct_seed3011_attempt000012/run/real-prompt-trace-v1-1031_correct_seed3011_attempt000012/per_token_metrics.csv,/fs/scratch/PAS2836/kopanev.1/exact_trace_bench/cardinal/fast/real-prompt-screen-v1/trace_launch_prep_fullseq_wreuse_w1600/metric_analysis_20260617_real_prompt_9pairs/prefix_audits/1031_correct_seed3011_attempt000012/prefix_view_audit.json,/fs/scratch/PAS2836/kopanev.1/exact_trace_bench/cardinal/fast/real-prompt-screen-v1/trace_launch_prep_fullseq_wreuse_w1600/analysis_pair_manifest_20260617_9pairs.json
v1_prior9,1031,1031_base,wrong,1031_wrong_seed3004_attempt000005,real-prompt-trace-v1-1031_wrong_seed3004_attempt000005,1031_base_temp08_screen_seed3000_attempt000005,1031,5,3004,5,126,95,14,"{""ok"":126}",True,/fs/scratch/PAS2836/kopanev.1/exact_trace_bench/cardinal/fast/real-prompt-screen-v1/samples_temp08_seed3000_attempts16/1031_base/attempt_000005.json,/fs/scratch/PAS2836/kopanev.1/exact_trace_bench/cardinal/fast/real-prompt-screen-v1/trace_launch_prep_fullseq_wreuse_w1600/1031_wrong_seed3004_attempt000005/run/real-prompt-trace-v1-1031_wrong_seed3004_attempt000005,/fs/scratch/PAS2836/kopanev.1/exact_trace_bench/cardinal/fast/real-prompt-screen-v1/trace_launch_prep_fullseq_wreuse_w1600/1031_wrong_seed3004_attempt000005/run/real-prompt-trace-v1-1031_wrong_seed3004_attempt000005/aggregate.json,/fs/scratch/PAS2836/kopanev.1/exact_trace_bench/cardinal/fast/real-prompt-screen-v1/trace_launch_prep_fullseq_wreuse_w1600/1031_wrong_seed3004_attempt000005/run/real-prompt-trace-v1-1031_wrong_seed3004_attempt000005/per_token_metrics.csv,/fs/scratch/PAS2836/kopanev.1/exact_trace_bench/cardinal/fast/real-prompt-screen-v1/trace_launch_prep_fullseq_wreuse_w1600/metric_analysis_20260617_real_prompt_9pairs/prefix_audits/1031_wrong_seed3004_attempt000005/prefix_view_audit.json,/fs/scratch/PAS2836/kopanev.1/exact_trace_bench/cardinal/fast/real-prompt-screen-v1/trace_launch_prep_fullseq_wreuse_w1600/analysis_pair_manifest_20260617_9pairs.json
v2_combined10,159,159_base,correct,159_correct_seed3008_attempt000009,real-prompt-trace-v2-159_correct_seed3008_attempt000009,159_base_attempt000009,159,15,3008,9,116,84,11,"{""ok"":116}",True,/fs/scratch/PAS2836/kopanev.1/exact_trace_bench/cardinal/fast/real-prompt-screen-v2/samples_temp08_seed3000_attempts16/159_base/attempt_000009.json,/fs/scratch/PAS2836/kopanev.1/exact_trace_bench/cardinal/fast/real-prompt-screen-v2/trace_launch_prep_fullseq_wreuse_w1600_combined10/159_correct_seed3008_attempt000009/run/real-prompt-trace-v2-159_correct_seed3008_attempt000009,/fs/scratch/PAS2836/kopanev.1/exact_trace_bench/cardinal/fast/real-prompt-screen-v2/trace_launch_prep_fullseq_wreuse_w1600_combined10/159_correct_seed3008_attempt000009/run/real-prompt-trace-v2-159_correct_seed3008_attempt000009/aggregate.json,/fs/scratch/PAS2836/kopanev.1/exact_trace_bench/cardinal/fast/real-prompt-screen-v2/trace_launch_prep_fullseq_wreuse_w1600_combined10/159_correct_seed3008_attempt000009/run/real-prompt-trace-v2-159_correct_seed3008_attempt000009/per_token_metrics.csv,/fs/scratch/PAS2836/kopanev.1/exact_trace_bench/cardinal/fast/real-prompt-screen-v2/trace_launch_prep_fullseq_wreuse_w1600_combined10/analysis_prefix_role_matched_20260625/prefix_audits/159_correct_seed3008_attempt000009/prefix_view_audit.json,/fs/scratch/PAS2836/kopanev.1/exact_trace_bench/cardinal/fast/real-prompt-screen-v2/trace_launch_prep_fullseq_wreuse_w1600_combined10/analysis_prefix_role_matched_20260625/analysis_pair_manifest_combined10_20260625.json
v2_combined10,159,159_base,wrong,159_wrong_seed3004_attempt000005,real-prompt-trace-v2-159_wrong_seed3004_attempt000005,159_base_attempt000005,159,15,3004,5,117,84,11,"{""ok"":117}",True,/fs/scratch/PAS2836/kopanev.1/exact_trace_bench/cardinal/fast/real-prompt-screen-v2/samples_temp08_seed3000_attempts16/159_base/attempt_000005.json,/fs/scratch/PAS2836/kopanev.1/exact_trace_bench/cardinal/fast/real-prompt-screen-v2/trace_launch_prep_fullseq_wreuse_w1600_combined10/159_wrong_seed3004_attempt000005/run/real-prompt-trace-v2-159_wrong_seed3004_attempt000005,/fs/scratch/PAS2836/kopanev.1/exact_trace_bench/cardinal/fast/real-prompt-screen-v2/trace_launch_prep_fullseq_wreuse_w1600_combined10/159_wrong_seed3004_attempt000005/run/real-prompt-trace-v2-159_wrong_seed3004_attempt000005/aggregate.json,/fs/scratch/PAS2836/kopanev.1/exact_trace_bench/cardinal/fast/real-prompt-screen-v2/trace_launch_prep_fullseq_wreuse_w1600_combined10/159_wrong_seed3004_attempt000005/run/real-prompt-trace-v2-159_wrong_seed3004_attempt000005/per_token_metrics.csv,/fs/scratch/PAS2836/kopanev.1/exact_trace_bench/cardinal/fast/real-prompt-screen-v2/trace_launch_prep_fullseq_wreuse_w1600_combined10/analysis_prefix_role_matched_20260625/prefix_audits/159_wrong_seed3004_attempt000005/prefix_view_audit.json,/fs/scratch/PAS2836/kopanev.1/exact_trace_bench/cardinal/fast/real-prompt-screen-v2/trace_launch_prep_fullseq_wreuse_w1600_combined10/analysis_prefix_role_matched_20260625/analysis_pair_manifest_combined10_20260625.json
v2_combined10,246,246_base,correct,246_correct_seed3008_attempt000009,real-prompt-trace-v2-246_correct_seed3008_attempt000009,246_base_attempt000009,246,27000,3008,9,308,116,58,"{""ok"":308}",True,/fs/scratch/PAS2836/kopanev.1/exact_trace_bench/cardinal/fast/real-prompt-screen-v2/samples_temp08_seed3000_attempts16/246_base/attempt_000009.json,/fs/scratch/PAS2836/kopanev.1/exact_trace_bench/cardinal/fast/real-prompt-screen-v2/trace_launch_prep_fullseq_wreuse_w1600_combined10/246_correct_seed3008_attempt000009/run/real-prompt-trace-v2-246_correct_seed3008_attempt000009,/fs/scratch/PAS2836/kopanev.1/exact_trace_bench/cardinal/fast/real-prompt-screen-v2/trace_launch_prep_fullseq_wreuse_w1600_combined10/246_correct_seed3008_attempt000009/run/real-prompt-trace-v2-246_correct_seed3008_attempt000009/aggregate.json,/fs/scratch/PAS2836/kopanev.1/exact_trace_bench/cardinal/fast/real-prompt-screen-v2/trace_launch_prep_fullseq_wreuse_w1600_combined10/246_correct_seed3008_attempt000009/run/real-prompt-trace-v2-246_correct_seed3008_attempt000009/per_token_metrics.csv,/fs/scratch/PAS2836/kopanev.1/exact_trace_bench/cardinal/fast/real-prompt-screen-v2/trace_launch_prep_fullseq_wreuse_w1600_combined10/analysis_prefix_role_matched_20260625/prefix_audits/246_correct_seed3008_attempt000009/prefix_view_audit.json,/fs/scratch/PAS2836/kopanev.1/exact_trace_bench/cardinal/fast/real-prompt-screen-v2/trace_launch_prep_fullseq_wreuse_w1600_combined10/analysis_prefix_role_matched_20260625/analysis_pair_manifest_combined10_20260625.json
v2_combined10,246,246_base,wrong,246_wrong_seed3015_attempt000016,real-prompt-trace-v2-246_wrong_seed3015_attempt000016,246_base_attempt000016,246,27000,3015,16,307,116,57,"{""ok"":307}",True,/fs/scratch/PAS2836/kopanev.1/exact_trace_bench/cardinal/fast/real-prompt-screen-v2/samples_temp08_seed3000_attempts16/246_base/attempt_000016.json,/fs/scratch/PAS2836/kopanev.1/exact_trace_bench/cardinal/fast/real-prompt-screen-v2/trace_launch_prep_fullseq_wreuse_w1600_combined10/246_wrong_seed3015_attempt000016/run/real-prompt-trace-v2-246_wrong_seed3015_attempt000016,/fs/scratch/PAS2836/kopanev.1/exact_trace_bench/cardinal/fast/real-prompt-screen-v2/trace_launch_prep_fullseq_wreuse_w1600_combined10/246_wrong_seed3015_attempt000016/run/real-prompt-trace-v2-246_wrong_seed3015_attempt000016/aggregate.json,/fs/scratch/PAS2836/kopanev.1/exact_trace_bench/cardinal/fast/real-prompt-screen-v2/trace_launch_prep_fullseq_wreuse_w1600_combined10/246_wrong_seed3015_attempt000016/run/real-prompt-trace-v2-246_wrong_seed3015_attempt000016/per_token_metrics.csv,/fs/scratch/PAS2836/kopanev.1/exact_trace_bench/cardinal/fast/real-prompt-screen-v2/trace_launch_prep_fullseq_wreuse_w1600_combined10/analysis_prefix_role_matched_20260625/prefix_audits/246_wrong_seed3015_attempt000016/prefix_view_audit.json,/fs/scratch/PAS2836/kopanev.1/exact_trace_bench/cardinal/fast/real-prompt-screen-v2/trace_launch_prep_fullseq_wreuse_w1600_combined10/analysis_prefix_role_matched_20260625/analysis_pair_manifest_combined10_20260625.json
v2_combined10,327,327_base,correct,327_correct_seed3011_attempt000012,real-prompt-trace-v2-327_correct_seed3011_attempt000012,327_base_attempt000012,327,31,3011,12,241,104,37,"{""ok"":241}",True,/fs/scratch/PAS2836/kopanev.1/exact_trace_bench/cardinal/fast/real-prompt-screen-v2/samples_temp08_seed3000_attempts16/327_base/attempt_000012.json,/fs/scratch/PAS2836/kopanev.1/exact_trace_bench/cardinal/fast/real-prompt-screen-v2/trace_launch_prep_fullseq_wreuse_w1600_combined10/327_correct_seed3011_attempt000012/run/real-prompt-trace-v2-327_correct_seed3011_attempt000012,/fs/scratch/PAS2836/kopanev.1/exact_trace_bench/cardinal/fast/real-prompt-screen-v2/trace_launch_prep_fullseq_wreuse_w1600_combined10/327_correct_seed3011_attempt000012/run/real-prompt-trace-v2-327_correct_seed3011_attempt000012/aggregate.json,/fs/scratch/PAS2836/kopanev.1/exact_trace_bench/cardinal/fast/real-prompt-screen-v2/trace_launch_prep_fullseq_wreuse_w1600_combined10/327_correct_seed3011_attempt000012/run/real-prompt-trace-v2-327_correct_seed3011_attempt000012/per_token_metrics.csv,/fs/scratch/PAS2836/kopanev.1/exact_trace_bench/cardinal/fast/real-prompt-screen-v2/trace_launch_prep_fullseq_wreuse_w1600_combined10/analysis_prefix_role_matched_20260625/prefix_audits/327_correct_seed3011_attempt000012/prefix_view_audit.json,/fs/scratch/PAS2836/kopanev.1/exact_trace_bench/cardinal/fast/real-prompt-screen-v2/trace_launch_prep_fullseq_wreuse_w1600_combined10/analysis_prefix_role_matched_20260625/analysis_pair_manifest_combined10_20260625.json
v2_combined10,327,327_base,wrong,327_wrong_seed3003_attempt000004,real-prompt-trace-v2-327_wrong_seed3003_attempt000004,327_base_attempt000004,327,31,3003,4,241,104,37,"{""ok"":241}",True,/fs/scratch/PAS2836/kopanev.1/exact_trace_bench/cardinal/fast/real-prompt-screen-v2/samples_temp08_seed3000_attempts16/327_base/attempt_000004.json,/fs/scratch/PAS2836/kopanev.1/exact_trace_bench/cardinal/fast/real-prompt-screen-v2/trace_launch_prep_fullseq_wreuse_w1600_combined10/327_wrong_seed3003_attempt000004/run/real-prompt-trace-v2-327_wrong_seed3003_attempt000004,/fs/scratch/PAS2836/kopanev.1/exact_trace_bench/cardinal/fast/real-prompt-screen-v2/trace_launch_prep_fullseq_wreuse_w1600_combined10/327_wrong_seed3003_attempt000004/run/real-prompt-trace-v2-327_wrong_seed3003_attempt000004/aggregate.json,/fs/scratch/PAS2836/kopanev.1/exact_trace_bench/cardinal/fast/real-prompt-screen-v2/trace_launch_prep_fullseq_wreuse_w1600_combined10/327_wrong_seed3003_attempt000004/run/real-prompt-trace-v2-327_wrong_seed3003_attempt000004/per_token_metrics.csv,/fs/scratch/PAS2836/kopanev.1/exact_trace_bench/cardinal/fast/real-prompt-screen-v2/trace_launch_prep_fullseq_wreuse_w1600_combined10/analysis_prefix_role_matched_20260625/prefix_audits/327_wrong_seed3003_attempt000004/prefix_view_audit.json,/fs/scratch/PAS2836/kopanev.1/exact_trace_bench/cardinal/fast/real-prompt-screen-v2/trace_launch_prep_fullseq_wreuse_w1600_combined10/analysis_prefix_role_matched_20260625/analysis_pair_manifest_combined10_20260625.json
v2_combined10,401,401_base,correct,401_correct_seed3013_attempt000014,real-prompt-trace-v2-401_correct_seed3013_attempt000014,401_base_attempt000014,401,14400,3013,14,180,68,19,"{""ok"":180}",True,/fs/scratch/PAS2836/kopanev.1/exact_trace_bench/cardinal/fast/real-prompt-screen-v2/samples_temp08_seed3000_attempts16/401_base/attempt_000014.json,/fs/scratch/PAS2836/kopanev.1/exact_trace_bench/cardinal/fast/real-prompt-screen-v2/trace_launch_prep_fullseq_wreuse_w1600_combined10/401_correct_seed3013_attempt000014/run/real-prompt-trace-v2-401_correct_seed3013_attempt000014,/fs/scratch/PAS2836/kopanev.1/exact_trace_bench/cardinal/fast/real-prompt-screen-v2/trace_launch_prep_fullseq_wreuse_w1600_combined10/401_correct_seed3013_attempt000014/run/real-prompt-trace-v2-401_correct_seed3013_attempt000014/aggregate.json,/fs/scratch/PAS2836/kopanev.1/exact_trace_bench/cardinal/fast/real-prompt-screen-v2/trace_launch_prep_fullseq_wreuse_w1600_combined10/401_correct_seed3013_attempt000014/run/real-prompt-trace-v2-401_correct_seed3013_attempt000014/per_token_metrics.csv,/fs/scratch/PAS2836/kopanev.1/exact_trace_bench/cardinal/fast/real-prompt-screen-v2/trace_launch_prep_fullseq_wreuse_w1600_combined10/analysis_prefix_role_matched_20260625/prefix_audits/401_correct_seed3013_attempt000014/prefix_view_audit.json,/fs/scratch/PAS2836/kopanev.1/exact_trace_bench/cardinal/fast/real-prompt-screen-v2/trace_launch_prep_fullseq_wreuse_w1600_combined10/analysis_prefix_role_matched_20260625/analysis_pair_manifest_combined10_20260625.json
v2_combined10,401,401_base,wrong,401_wrong_seed3014_attempt000015,real-prompt-trace-v2-401_wrong_seed3014_attempt000015,401_base_attempt000015,401,14400,3014,15,180,68,19,"{""ok"":180}",True,/fs/scratch/PAS2836/kopanev.1/exact_trace_bench/cardinal/fast/real-prompt-screen-v2/samples_temp08_seed3000_attempts16/401_base/attempt_000015.json,/fs/scratch/PAS2836/kopanev.1/exact_trace_bench/cardinal/fast/real-prompt-screen-v2/trace_launch_prep_fullseq_wreuse_w1600_combined10/401_wrong_seed3014_attempt000015/run/real-prompt-trace-v2-401_wrong_seed3014_attempt000015,/fs/scratch/PAS2836/kopanev.1/exact_trace_bench/cardinal/fast/real-prompt-screen-v2/trace_launch_prep_fullseq_wreuse_w1600_combined10/401_wrong_seed3014_attempt000015/run/real-prompt-trace-v2-401_wrong_seed3014_attempt000015/aggregate.json,/fs/scratch/PAS2836/kopanev.1/exact_trace_bench/cardinal/fast/real-prompt-screen-v2/trace_launch_prep_fullseq_wreuse_w1600_combined10/401_wrong_seed3014_attempt000015/run/real-prompt-trace-v2-401_wrong_seed3014_attempt000015/per_token_metrics.csv,/fs/scratch/PAS2836/kopanev.1/exact_trace_bench/cardinal/fast/real-prompt-screen-v2/trace_launch_prep_fullseq_wreuse_w1600_combined10/analysis_prefix_role_matched_20260625/prefix_audits/401_wrong_seed3014_attempt000015/prefix_view_audit.json,/fs/scratch/PAS2836/kopanev.1/exact_trace_bench/cardinal/fast/real-prompt-screen-v2/trace_launch_prep_fullseq_wreuse_w1600_combined10/analysis_prefix_role_matched_20260625/analysis_pair_manifest_combined10_20260625.json
v2_combined10,636,636_base,correct,636_correct_seed3005_attempt000006,real-prompt-trace-v2-636_correct_seed3005_attempt000006,636_base_attempt000006,636,1050,3005,6,180,73,20,"{""ok"":180}",True,/fs/scratch/PAS2836/kopanev.1/exact_trace_bench/cardinal/fast/real-prompt-screen-v2/samples_temp08_seed3000_attempts16/636_base/attempt_000006.json,/fs/scratch/PAS2836/kopanev.1/exact_trace_bench/cardinal/fast/real-prompt-screen-v2/trace_launch_prep_fullseq_wreuse_w1600_combined10/636_correct_seed3005_attempt000006/run/real-prompt-trace-v2-636_correct_seed3005_attempt000006,/fs/scratch/PAS2836/kopanev.1/exact_trace_bench/cardinal/fast/real-prompt-screen-v2/trace_launch_prep_fullseq_wreuse_w1600_combined10/636_correct_seed3005_attempt000006/run/real-prompt-trace-v2-636_correct_seed3005_attempt000006/aggregate.json,/fs/scratch/PAS2836/kopanev.1/exact_trace_bench/cardinal/fast/real-prompt-screen-v2/trace_launch_prep_fullseq_wreuse_w1600_combined10/636_correct_seed3005_attempt000006/run/real-prompt-trace-v2-636_correct_seed3005_attempt000006/per_token_metrics.csv,/fs/scratch/PAS2836/kopanev.1/exact_trace_bench/cardinal/fast/real-prompt-screen-v2/trace_launch_prep_fullseq_wreuse_w1600_combined10/analysis_prefix_role_matched_20260625/prefix_audits/636_correct_seed3005_attempt000006/prefix_view_audit.json,/fs/scratch/PAS2836/kopanev.1/exact_trace_bench/cardinal/fast/real-prompt-screen-v2/trace_launch_prep_fullseq_wreuse_w1600_combined10/analysis_prefix_role_matched_20260625/analysis_pair_manifest_combined10_20260625.json
v2_combined10,636,636_base,wrong,636_wrong_seed3004_attempt000005,real-prompt-trace-v2-636_wrong_seed3004_attempt000005,636_base_attempt000005,636,1050,3004,5,179,73,20,"{""ok"":179}",True,/fs/scratch/PAS2836/kopanev.1/exact_trace_bench/cardinal/fast/real-prompt-screen-v2/samples_temp08_seed3000_attempts16/636_base/attempt_000005.json,/fs/scratch/PAS2836/kopanev.1/exact_trace_bench/cardinal/fast/real-prompt-screen-v2/trace_launch_prep_fullseq_wreuse_w1600_combined10/636_wrong_seed3004_attempt000005/run/real-prompt-trace-v2-636_wrong_seed3004_attempt000005,/fs/scratch/PAS2836/kopanev.1/exact_trace_bench/cardinal/fast/real-prompt-screen-v2/trace_launch_prep_fullseq_wreuse_w1600_combined10/636_wrong_seed3004_attempt000005/run/real-prompt-trace-v2-636_wrong_seed3004_attempt000005/aggregate.json,/fs/scratch/PAS2836/kopanev.1/exact_trace_bench/cardinal/fast/real-prompt-screen-v2/trace_launch_prep_fullseq_wreuse_w1600_combined10/636_wrong_seed3004_attempt000005/run/real-prompt-trace-v2-636_wrong_seed3004_attempt000005/per_token_metrics.csv,/fs/scratch/PAS2836/kopanev.1/exact_trace_bench/cardinal/fast/real-prompt-screen-v2/trace_launch_prep_fullseq_wreuse_w1600_combined10/analysis_prefix_role_matched_20260625/prefix_audits/636_wrong_seed3004_attempt000005/prefix_view_audit.json,/fs/scratch/PAS2836/kopanev.1/exact_trace_bench/cardinal/fast/real-prompt-screen-v2/trace_launch_prep_fullseq_wreuse_w1600_combined10/analysis_prefix_role_matched_20260625/analysis_pair_manifest_combined10_20260625.json
v2_combined10,662,662_base,correct,662_correct_seed3002_attempt000003,real-prompt-trace-v2-662_correct_seed3002_attempt000003,662_base_attempt000003,662,7,3002,3,212,90,28,"{""ok"":212}",True,/fs/scratch/PAS2836/kopanev.1/exact_trace_bench/cardinal/fast/real-prompt-screen-v2/samples_temp08_seed3000_attempts16/662_base/attempt_000003.json,/fs/scratch/PAS2836/kopanev.1/exact_trace_bench/cardinal/fast/real-prompt-screen-v2/trace_launch_prep_fullseq_wreuse_w1600_combined10/662_correct_seed3002_attempt000003/run/real-prompt-trace-v2-662_correct_seed3002_attempt000003,/fs/scratch/PAS2836/kopanev.1/exact_trace_bench/cardinal/fast/real-prompt-screen-v2/trace_launch_prep_fullseq_wreuse_w1600_combined10/662_correct_seed3002_attempt000003/run/real-prompt-trace-v2-662_correct_seed3002_attempt000003/aggregate.json,/fs/scratch/PAS2836/kopanev.1/exact_trace_bench/cardinal/fast/real-prompt-screen-v2/trace_launch_prep_fullseq_wreuse_w1600_combined10/662_correct_seed3002_attempt000003/run/real-prompt-trace-v2-662_correct_seed3002_attempt000003/per_token_metrics.csv,/fs/scratch/PAS2836/kopanev.1/exact_trace_bench/cardinal/fast/real-prompt-screen-v2/trace_launch_prep_fullseq_wreuse_w1600_combined10/analysis_prefix_role_matched_20260625/prefix_audits/662_correct_seed3002_attempt000003/prefix_view_audit.json,/fs/scratch/PAS2836/kopanev.1/exact_trace_bench/cardinal/fast/real-prompt-screen-v2/trace_launch_prep_fullseq_wreuse_w1600_combined10/analysis_prefix_role_matched_20260625/analysis_pair_manifest_combined10_20260625.json
v2_combined10,662,662_base,wrong,662_wrong_seed3015_attempt000016,real-prompt-trace-v2-662_wrong_seed3015_attempt000016,662_base_attempt000016,662,7,3015,16,211,90,28,"{""ok"":211}",True,/fs/scratch/PAS2836/kopanev.1/exact_trace_bench/cardinal/fast/real-prompt-screen-v2/samples_temp08_seed3000_attempts16/662_base/attempt_000016.json,/fs/scratch/PAS2836/kopanev.1/exact_trace_bench/cardinal/fast/real-prompt-screen-v2/trace_launch_prep_fullseq_wreuse_w1600_combined10/662_wrong_seed3015_attempt000016/run/real-prompt-trace-v2-662_wrong_seed3015_attempt000016,/fs/scratch/PAS2836/kopanev.1/exact_trace_bench/cardinal/fast/real-prompt-screen-v2/trace_launch_prep_fullseq_wreuse_w1600_combined10/662_wrong_seed3015_attempt000016/run/real-prompt-trace-v2-662_wrong_seed3015_attempt000016/aggregate.json,/fs/scratch/PAS2836/kopanev.1/exact_trace_bench/cardinal/fast/real-prompt-screen-v2/trace_launch_prep_fullseq_wreuse_w1600_combined10/662_wrong_seed3015_attempt000016/run/real-prompt-trace-v2-662_wrong_seed3015_attempt000016/per_token_metrics.csv,/fs/scratch/PAS2836/kopanev.1/exact_trace_bench/cardinal/fast/real-prompt-screen-v2/trace_launch_prep_fullseq_wreuse_w1600_combined10/analysis_prefix_role_matched_20260625/prefix_audits/662_wrong_seed3015_attempt000016/prefix_view_audit.json,/fs/scratch/PAS2836/kopanev.1/exact_trace_bench/cardinal/fast/real-prompt-screen-v2/trace_launch_prep_fullseq_wreuse_w1600_combined10/analysis_prefix_role_matched_20260625/analysis_pair_manifest_combined10_20260625.json
v2_combined10,698,698_base,correct,698_correct_seed3007_attempt000008,real-prompt-trace-v2-698_correct_seed3007_attempt000008,698_base_attempt000008,698,720,3007,8,164,94,20,"{""ok"":164}",True,/fs/scratch/PAS2836/kopanev.1/exact_trace_bench/cardinal/fast/real-prompt-screen-v2/samples_temp08_seed3000_attempts16/698_base/attempt_000008.json,/fs/scratch/PAS2836/kopanev.1/exact_trace_bench/cardinal/fast/real-prompt-screen-v2/trace_launch_prep_fullseq_wreuse_w1600_combined10/698_correct_seed3007_attempt000008/run/real-prompt-trace-v2-698_correct_seed3007_attempt000008,/fs/scratch/PAS2836/kopanev.1/exact_trace_bench/cardinal/fast/real-prompt-screen-v2/trace_launch_prep_fullseq_wreuse_w1600_combined10/698_correct_seed3007_attempt000008/run/real-prompt-trace-v2-698_correct_seed3007_attempt000008/aggregate.json,/fs/scratch/PAS2836/kopanev.1/exact_trace_bench/cardinal/fast/real-prompt-screen-v2/trace_launch_prep_fullseq_wreuse_w1600_combined10/698_correct_seed3007_attempt000008/run/real-prompt-trace-v2-698_correct_seed3007_attempt000008/per_token_metrics.csv,/fs/scratch/PAS2836/kopanev.1/exact_trace_bench/cardinal/fast/real-prompt-screen-v2/trace_launch_prep_fullseq_wreuse_w1600_combined10/analysis_prefix_role_matched_20260625/prefix_audits/698_correct_seed3007_attempt000008/prefix_view_audit.json,/fs/scratch/PAS2836/kopanev.1/exact_trace_bench/cardinal/fast/real-prompt-screen-v2/trace_launch_prep_fullseq_wreuse_w1600_combined10/analysis_prefix_role_matched_20260625/analysis_pair_manifest_combined10_20260625.json
v2_combined10,698,698_base,wrong,698_wrong_seed3015_attempt000016,real-prompt-trace-v2-698_wrong_seed3015_attempt000016,698_base_attempt000016,698,720,3015,16,165,94,20,"{""ok"":165}",True,/fs/scratch/PAS2836/kopanev.1/exact_trace_bench/cardinal/fast/real-prompt-screen-v2/samples_temp08_seed3000_attempts16/698_base/attempt_000016.json,/fs/scratch/PAS2836/kopanev.1/exact_trace_bench/cardinal/fast/real-prompt-screen-v2/trace_launch_prep_fullseq_wreuse_w1600_combined10/698_wrong_seed3015_attempt000016/run/real-prompt-trace-v2-698_wrong_seed3015_attempt000016,/fs/scratch/PAS2836/kopanev.1/exact_trace_bench/cardinal/fast/real-prompt-screen-v2/trace_launch_prep_fullseq_wreuse_w1600_combined10/698_wrong_seed3015_attempt000016/run/real-prompt-trace-v2-698_wrong_seed3015_attempt000016/aggregate.json,/fs/scratch/PAS2836/kopanev.1/exact_trace_bench/cardinal/fast/real-prompt-screen-v2/trace_launch_prep_fullseq_wreuse_w1600_combined10/698_wrong_seed3015_attempt000016/run/real-prompt-trace-v2-698_wrong_seed3015_attempt000016/per_token_metrics.csv,/fs/scratch/PAS2836/kopanev.1/exact_trace_bench/cardinal/fast/real-prompt-screen-v2/trace_launch_prep_fullseq_wreuse_w1600_combined10/analysis_prefix_role_matched_20260625/prefix_audits/698_wrong_seed3015_attempt000016/prefix_view_audit.json,/fs/scratch/PAS2836/kopanev.1/exact_trace_bench/cardinal/fast/real-prompt-screen-v2/trace_launch_prep_fullseq_wreuse_w1600_combined10/analysis_prefix_role_matched_20260625/analysis_pair_manifest_combined10_20260625.json
v2_combined10,860,860_base,correct,860_correct_seed3010_attempt000011,real-prompt-trace-v2-860_correct_seed3010_attempt000011,860_base_temp08_screen_seed3000_attempt000011,860,3,3010,11,129,66,11,"{""ok"":129}",True,/fs/scratch/PAS2836/kopanev.1/exact_trace_bench/cardinal/fast/real-prompt-screen-v1/samples_temp08_seed3000_attempts16/860_base/attempt_000011.json,/fs/scratch/PAS2836/kopanev.1/exact_trace_bench/cardinal/fast/real-prompt-screen-v2/trace_launch_prep_fullseq_wreuse_w1600_combined10/860_correct_seed3010_attempt000011/run/real-prompt-trace-v2-860_correct_seed3010_attempt000011,/fs/scratch/PAS2836/kopanev.1/exact_trace_bench/cardinal/fast/real-prompt-screen-v2/trace_launch_prep_fullseq_wreuse_w1600_combined10/860_correct_seed3010_attempt000011/run/real-prompt-trace-v2-860_correct_seed3010_attempt000011/aggregate.json,/fs/scratch/PAS2836/kopanev.1/exact_trace_bench/cardinal/fast/real-prompt-screen-v2/trace_launch_prep_fullseq_wreuse_w1600_combined10/860_correct_seed3010_attempt000011/run/real-prompt-trace-v2-860_correct_seed3010_attempt000011/per_token_metrics.csv,/fs/scratch/PAS2836/kopanev.1/exact_trace_bench/cardinal/fast/real-prompt-screen-v2/trace_launch_prep_fullseq_wreuse_w1600_combined10/analysis_prefix_role_matched_20260625/prefix_audits/860_correct_seed3010_attempt000011/prefix_view_audit.json,/fs/scratch/PAS2836/kopanev.1/exact_trace_bench/cardinal/fast/real-prompt-screen-v2/trace_launch_prep_fullseq_wreuse_w1600_combined10/analysis_prefix_role_matched_20260625/analysis_pair_manifest_combined10_20260625.json
v2_combined10,860,860_base,wrong,860_wrong_seed3006_attempt000007,real-prompt-trace-v2-860_wrong_seed3006_attempt000007,860_base_temp08_screen_seed3000_attempt000007,860,3,3006,7,116,66,10,"{""ok"":116}",True,/fs/scratch/PAS2836/kopanev.1/exact_trace_bench/cardinal/fast/real-prompt-screen-v1/samples_temp08_seed3000_attempts16/860_base/attempt_000007.json,/fs/scratch/PAS2836/kopanev.1/exact_trace_bench/cardinal/fast/real-prompt-screen-v2/trace_launch_prep_fullseq_wreuse_w1600_combined10/860_wrong_seed3006_attempt000007/run/real-prompt-trace-v2-860_wrong_seed3006_attempt000007,/fs/scratch/PAS2836/kopanev.1/exact_trace_bench/cardinal/fast/real-prompt-screen-v2/trace_launch_prep_fullseq_wreuse_w1600_combined10/860_wrong_seed3006_attempt000007/run/real-prompt-trace-v2-860_wrong_seed3006_attempt000007/aggregate.json,/fs/scratch/PAS2836/kopanev.1/exact_trace_bench/cardinal/fast/real-prompt-screen-v2/trace_launch_prep_fullseq_wreuse_w1600_combined10/860_wrong_seed3006_attempt000007/run/real-prompt-trace-v2-860_wrong_seed3006_attempt000007/per_token_metrics.csv,/fs/scratch/PAS2836/kopanev.1/exact_trace_bench/cardinal/fast/real-prompt-screen-v2/trace_launch_prep_fullseq_wreuse_w1600_combined10/analysis_prefix_role_matched_20260625/prefix_audits/860_wrong_seed3006_attempt000007/prefix_view_audit.json,/fs/scratch/PAS2836/kopanev.1/exact_trace_bench/cardinal/fast/real-prompt-screen-v2/trace_launch_prep_fullseq_wreuse_w1600_combined10/analysis_prefix_role_matched_20260625/analysis_pair_manifest_combined10_20260625.json
v2_combined10,877,877_base,correct,877_correct_seed3008_attempt000009,real-prompt-trace-v2-877_correct_seed3008_attempt000009,877_base_attempt000009,877,7000,3008,9,300,108,53,"{""ok"":300}",True,/fs/scratch/PAS2836/kopanev.1/exact_trace_bench/cardinal/fast/real-prompt-screen-v2/samples_temp08_seed3000_attempts16/877_base/attempt_000009.json,/fs/scratch/PAS2836/kopanev.1/exact_trace_bench/cardinal/fast/real-prompt-screen-v2/trace_launch_prep_fullseq_wreuse_w1600_combined10/877_correct_seed3008_attempt000009/run/real-prompt-trace-v2-877_correct_seed3008_attempt000009,/fs/scratch/PAS2836/kopanev.1/exact_trace_bench/cardinal/fast/real-prompt-screen-v2/trace_launch_prep_fullseq_wreuse_w1600_combined10/877_correct_seed3008_attempt000009/run/real-prompt-trace-v2-877_correct_seed3008_attempt000009/aggregate.json,/fs/scratch/PAS2836/kopanev.1/exact_trace_bench/cardinal/fast/real-prompt-screen-v2/trace_launch_prep_fullseq_wreuse_w1600_combined10/877_correct_seed3008_attempt000009/run/real-prompt-trace-v2-877_correct_seed3008_attempt000009/per_token_metrics.csv,/fs/scratch/PAS2836/kopanev.1/exact_trace_bench/cardinal/fast/real-prompt-screen-v2/trace_launch_prep_fullseq_wreuse_w1600_combined10/analysis_prefix_role_matched_20260625/prefix_audits/877_correct_seed3008_attempt000009/prefix_view_audit.json,/fs/scratch/PAS2836/kopanev.1/exact_trace_bench/cardinal/fast/real-prompt-screen-v2/trace_launch_prep_fullseq_wreuse_w1600_combined10/analysis_prefix_role_matched_20260625/analysis_pair_manifest_combined10_20260625.json
v2_combined10,877,877_base,wrong,877_wrong_seed3005_attempt000006,real-prompt-trace-v2-877_wrong_seed3005_attempt000006,877_base_attempt000006,877,7000,3005,6,299,108,53,"{""ok"":299}",True,/fs/scratch/PAS2836/kopanev.1/exact_trace_bench/cardinal/fast/real-prompt-screen-v2/samples_temp08_seed3000_attempts16/877_base/attempt_000006.json,/fs/scratch/PAS2836/kopanev.1/exact_trace_bench/cardinal/fast/real-prompt-screen-v2/trace_launch_prep_fullseq_wreuse_w1600_combined10/877_wrong_seed3005_attempt000006/run/real-prompt-trace-v2-877_wrong_seed3005_attempt000006,/fs/scratch/PAS2836/kopanev.1/exact_trace_bench/cardinal/fast/real-prompt-screen-v2/trace_launch_prep_fullseq_wreuse_w1600_combined10/877_wrong_seed3005_attempt000006/run/real-prompt-trace-v2-877_wrong_seed3005_attempt000006/aggregate.json,/fs/scratch/PAS2836/kopanev.1/exact_trace_bench/cardinal/fast/real-prompt-screen-v2/trace_launch_prep_fullseq_wreuse_w1600_combined10/877_wrong_seed3005_attempt000006/run/real-prompt-trace-v2-877_wrong_seed3005_attempt000006/per_token_metrics.csv,/fs/scratch/PAS2836/kopanev.1/exact_trace_bench/cardinal/fast/real-prompt-screen-v2/trace_launch_prep_fullseq_wreuse_w1600_combined10/analysis_prefix_role_matched_20260625/prefix_audits/877_wrong_seed3005_attempt000006/prefix_view_audit.json,/fs/scratch/PAS2836/kopanev.1/exact_trace_bench/cardinal/fast/real-prompt-screen-v2/trace_launch_prep_fullseq_wreuse_w1600_combined10/analysis_prefix_role_matched_20260625/analysis_pair_manifest_combined10_20260625.json
v2_combined10,1300,1300_base,correct,1300_correct_seed3003_attempt000004,real-prompt-trace-v2-1300_correct_seed3003_attempt000004,1300_base_temp08_screen_seed3000_attempt000004,1300,120,3003,4,173,76,19,"{""ok"":173}",True,/fs/scratch/PAS2836/kopanev.1/exact_trace_bench/cardinal/fast/real-prompt-screen-v1/samples_temp08_seed3000_attempts16/1300_base/attempt_000004.json,/fs/scratch/PAS2836/kopanev.1/exact_trace_bench/cardinal/fast/real-prompt-screen-v2/trace_launch_prep_fullseq_wreuse_w1600_combined10/1300_correct_seed3003_attempt000004/run/real-prompt-trace-v2-1300_correct_seed3003_attempt000004,/fs/scratch/PAS2836/kopanev.1/exact_trace_bench/cardinal/fast/real-prompt-screen-v2/trace_launch_prep_fullseq_wreuse_w1600_combined10/1300_correct_seed3003_attempt000004/run/real-prompt-trace-v2-1300_correct_seed3003_attempt000004/aggregate.json,/fs/scratch/PAS2836/kopanev.1/exact_trace_bench/cardinal/fast/real-prompt-screen-v2/trace_launch_prep_fullseq_wreuse_w1600_combined10/1300_correct_seed3003_attempt000004/run/real-prompt-trace-v2-1300_correct_seed3003_attempt000004/per_token_metrics.csv,/fs/scratch/PAS2836/kopanev.1/exact_trace_bench/cardinal/fast/real-prompt-screen-v2/trace_launch_prep_fullseq_wreuse_w1600_combined10/analysis_prefix_role_matched_20260625/prefix_audits/1300_correct_seed3003_attempt000004/prefix_view_audit.json,/fs/scratch/PAS2836/kopanev.1/exact_trace_bench/cardinal/fast/real-prompt-screen-v2/trace_launch_prep_fullseq_wreuse_w1600_combined10/analysis_prefix_role_matched_20260625/analysis_pair_manifest_combined10_20260625.json
v2_combined10,1300,1300_base,wrong,1300_wrong_seed3013_attempt000014,real-prompt-trace-v2-1300_wrong_seed3013_attempt000014,1300_base_temp08_screen_seed3000_attempt000014,1300,120,3013,14,173,76,19,"{""ok"":173}",True,/fs/scratch/PAS2836/kopanev.1/exact_trace_bench/cardinal/fast/real-prompt-screen-v1/samples_temp08_seed3000_attempts16/1300_base/attempt_000014.json,/fs/scratch/PAS2836/kopanev.1/exact_trace_bench/cardinal/fast/real-prompt-screen-v2/trace_launch_prep_fullseq_wreuse_w1600_combined10/1300_wrong_seed3013_attempt000014/run/real-prompt-trace-v2-1300_wrong_seed3013_attempt000014,/fs/scratch/PAS2836/kopanev.1/exact_trace_bench/cardinal/fast/real-prompt-screen-v2/trace_launch_prep_fullseq_wreuse_w1600_combined10/1300_wrong_seed3013_attempt000014/run/real-prompt-trace-v2-1300_wrong_seed3013_attempt000014/aggregate.json,/fs/scratch/PAS2836/kopanev.1/exact_trace_bench/cardinal/fast/real-prompt-screen-v2/trace_launch_prep_fullseq_wreuse_w1600_combined10/1300_wrong_seed3013_attempt000014/run/real-prompt-trace-v2-1300_wrong_seed3013_attempt000014/per_token_metrics.csv,/fs/scratch/PAS2836/kopanev.1/exact_trace_bench/cardinal/fast/real-prompt-screen-v2/trace_launch_prep_fullseq_wreuse_w1600_combined10/analysis_prefix_role_matched_20260625/prefix_audits/1300_wrong_seed3013_attempt000014/prefix_view_audit.json,/fs/scratch/PAS2836/kopanev.1/exact_trace_bench/cardinal/fast/real-prompt-screen-v2/trace_launch_prep_fullseq_wreuse_w1600_combined10/analysis_prefix_role_matched_20260625/analysis_pair_manifest_combined10_20260625.json
